Name,Obligor_Number,CDS_Ticker_Markit,Tier,Ccy,DocClause
"Aetna, Inc.",21098430,AET,SNRFOR,USD,XR14
"American Electric power Company, Inc",21100814,AEP,SNRFOR,USD,XR14
"Anheuser-Busch, Inc.",20012341,ABCLL,SNRFOR,USD,XR14
Ares Capital Corporation,20544996,ARECP,SNRFOR,USD,XR14
Ashland Inc,10191197,ASH,SNRFOR,USD,XR14
"Autozone, Inc.",10191999,AZO,SNRFOR,USD,XR14
AvalonBay CoMM14unities Inc,6090313,AVB,SNRFOR,USD,XR14
Banc of America Securities LLC,21231361,BACF-BankNA,SNRFOR,USD,XR14
BANCO BILBAO VIZCAYA ARGENTARIA SA,21272704,BBVSM-Bancomer,SNRFOR,EUR,MM14
Bank of America NA,20023652,BACF-BankNA,SNRFOR,USD,XR14
Bank of New York Mellon,21221768,BNYMEL,SNRFOR,USD,XR14
Bank of Nova Scotia,20023983,BNS,SNRFOR,USD,XR14
Barclays Bank PLC,20506219,BACR-Bank,SNRFOR,EUR,MM14
Barclays Capital Inc.,21231460,BACR-Bank,SNRFOR,EUR,MM14
Bayerische Landesbank,21231486,BYLAN,SNRFOR,EUR,MM14
BB&T Corporation,21316857,BBT,SNRFOR,USD,XR14
BNP Paribas,20036670,BNP,SNRFOR,EUR,MM14
"BNP Paribas Prime Brokerage, Inc.",21375044,BNP,SNRFOR,EUR,MM14
BNP Paribas Securities Corp,21231494,BNP,SNRFOR,EUR,MM14
"BNY Capital Markets, LLC",21395000,BNYMEL,SNRFOR,USD,XR14
"Buckeye Partners, LP",20047594,BPL,SNRFOR,USD,XR14
Camden Property Trust,6192275,CPT,SNRFOR,USD,XR14
CANADIAN IMPERIAL BANK OF COMMERCE,20053683,CM,SNRFOR,USD,XR14
Capital One Financial Corporation,21349049,COF,SNRFOR,USD,XR14
Capital One Financial Corporation,21025672,COF      ,SNRFOR,USD,XR14
CenterPoint Properties Trust,6268570,CNT-CT,SNRFOR,USD,XR14
"CenturyLink, Inc.",6186350,CLINKI,SNRFOR,USD,XR14
Citibank N A,20375292,C,SNRFOR,USD,XR14
Citigroup Global Markets Inc,21303335,C,SNRFOR,USD,XR14
Citigroup Inc.,20065224,C,SNRFOR,USD,XR14
"CitiMortgage, Inc.",21231502,C,SNRFOR,USD,XR14
Comcast Corporation,6175098,CMCSA,SNRFOR,USD,XR14
COMMERZBANK AG,21359485,CMZB,SNRFOR,EUR,MM14
CoMMerzbank AG,21359469,CMZB,SNRFOR,EUR,MM14
"CoMMunity Health Systems, Inc",10689430,CYH,SNRFOR,USD,XR14
"Constellation Brands, Inc.",20072782,STZ,SNRFOR,USD,XR14
"CoreLogic, Inc.",21327763,CORLG,SNRFOR,USD,XR14
"Cox CoMMunications, Inc.",339013,COX-CoMMInc,SNRFOR,USD,XR14
"Cox Enterprises, Inc.",338726,COX,SNRFOR,USD,XR14
credit Agricole,21315958,ACAFP,SNRFOR,EUR,MM14
credit Suisse International,10953257,CSGAG,SNRFOR,EUR,MM14
credit Suisse Securities (USA) LLC,21231528,CRDSUI-USAInc,SNRFOR,USD,XR14
"CYTEC Industries, Inc.",21050571,CYT,SNRFOR,USD,XR14
Daiwa Securities Group Inc.,21344669,DAIWA,SNRFOR,JPY,cr14
"Darden Restaurants, Inc.",20083490,DRI,SNRFOR,USD,XR14
Davita Inc.,10833996,DAVIHEA,SNRFOR,USD,XR14
Dean Foods Company,20086642,DNHOLD,SNRFOR,USD,XR14
DEN DANSKE,21273744,DANBNK,SNRFOR,EUR,MM14
Deutsche Bank AG,21231544,DB,SNRFOR,EUR,MM14
"Deutsche Bank Securities, Inc.",21231551,DB,SNRFOR,EUR,MM14
Digital Realty Trust,6938446,DLRT-Lp,SNRFOR,USD,XR14
Dominion Resources,339930,D,SNRFOR,USD,XR14
Eastman Chemical Company,10238162,EMN,SNRFOR,USD,XR14
Emerson Electric Co.,10882365,EMR,SNRFOR,USD,XR14
Energy Transfer Partners,20541505,ENTRPA,SNRFOR,USD,XR14
ENSCO INC,89303,ESV,SNRFOR,USD,XR14
Enterprise Products Operating LLC,20103876,EPD-OperLLC,SNRFOR,USD,XR14
Equifax Inc.,20104353,EFX,SNRFOR,USD,XR14
"Equity One, Inc.",6235363,EQY,SNRFOR,USD,XR14
ERP Operating L.P.,350325,EQR-ERPOperLP,SNRFOR,USD,XR14
Federal Realty Invest Trust,6298502,FRT,SNRFOR,USD,XR14
FedEx Corporation,10243683,FDX,SNRFOR,USD,XR14
"Fidelity National Information Services, Inc.",51042750,FNF-NIS,SNRFOR,USD,XR14
Fifth Third Bancorp,21273868,FITB,SNRFOR,USD,XR14
Fiserv Inc.,20112653,FISV,SNRFOR,USD,XR14
"Gannett Co., Inc.",89774,GCI,SNRFOR,USD,XR14
Goldman Sachs International,21359477,GS,SNRFOR,USD,XR14
Goldman Sachs Mortgage,21298501,GS,SNRFOR,USD,XR14
Graphic Packaging Holding Company,21040580,GPK-GrPkInt,SNRFOR,USD,XR14
Harris Corporation,20145174,HRS,SNRFOR,USD,XR14
Hasbro Canada Corporation,21310926,HAS,SNRFOR,USD,XR14
Hasbro European Trading BV,2131092,HAS,SNRFOR,USD,XR14
Hasbro Inc.,21310926,HAS,SNRFOR,USD,XR14
Hasbro International,21310926,HAS,SNRFOR,USD,XR14
Hasbro S.A.,21310926,HAS,SNRFOR,USD,XR14
HCA - The Healthcare Company,10701524,HCA,SNRFOR,USD,XR14
HCP CTE LP HCP INC                        ,10966283,HCPI,SNRFOR,USD,XR14
HCP ETE LP HCP INC                        ,10966291,HCPI,SNRFOR,USD,XR14
HCP PLEASANT LLC HCP INC        ,10966309,HCPI,SNRFOR,USD,XR14
"HCP, Inc.",10698977,HCPI,SNRFOR,USD,XR14
Hospira Inc.,10677096,HSP,SNRFOR,USD,XR14
HSBC Bank USA,21231627,HSBC,SNRFOR,EUR,MM14
HSBC Holdings PLC,21231619,HSBC,SNRFOR,EUR,MM14
"HSBC Securities, Inc.",21231635,HSBC,SNRFOR,EUR,MM14
"Imerys USA, Inc.",20163672,NK,SNRFOR,EUR,MM14
"ING U.S., Inc",21384897,INTNED-BankNV,SNRFOR,EUR,MM14
INTNED-BankNV,21384871,INTNED-BankNV,SNRFOR,EUR,MM14
INVESCO LTD.,20010600,IVZHCL,SNRFOR,EUR,MM14
Jabil Circuit Inc,50326006,JBL,SNRFOR,USD,XR14
Jarden Corporation,20406394,ALC,SNRFOR,USD,XR14
"Jefferies Group, Inc.",21274510,JEFFGRO,SNRFOR,USD,XR14
JP Morgan Chase & Co,21231668,JPM,SNRFOR,USD,XR14
"JP Morgan Securities, Inc.",21231676,JPM,SNRFOR,USD,XR14
Kate Spade & Company,20199585,KATESPA,SNRFOR,USD,XR14
Kellogg Company,20180429,K        ,SNRFOR,USD,XR14
Kerr-McGee Corporation,20181906,KMG,SNRFOR,USD,XR14
Keybanc Capital Markets Inc.,21274544,KEY,SNRFOR,USD,XR14
KeyBank National Association,21274551,KEY,SNRFOR,USD,XR14
KeyCorp,20182136,KEY,SNRFOR,USD,XR14
Kimco Realty Corporation,6027679,KIM,SNRFOR,USD,XR14
Kinder Morgan Energy Partners LP,20183662,KMP,SNRFOR,USD,XR14
Kinder Morgan Energy Partners LP,20183670,KINDERM,SNRFOR,USD,XR14
Lexmark International Inc.,10295584,LXK,SNRFOR,USD,XR14
Lincoln National Corporation,21252094,LNC,SNRFOR,USD,XR14
Magellan Midstream Partners LP,20442837,MMH-MP,SNRFOR,USD,XR14
"Marriott International, Inc.",394984,MAR,SNRFOR,USD,XR14
MeadWestvaco Corporation,20218989,MWV,SNRFOR,USD,XR14
"Medtronic, Inc.",10310169,MDT,SNRFOR,USD,XR14
Merrill Lynch,21231387,BACF-BankNA,SNRFOR,USD,XR14
Merrill Lynch International,21231403,BACF-BankNA,SNRFOR,USD,XR14
Mizuho Capital Markets Corporation,21274668,MIZUHBA,SNRFOR,USD,cr14
Mizuho Corporate Bank,21274676,MIZUHBA,SNRFOR,USD,cr14
Mizuho Securities USA Inc.,21303541,MIZUHBA,SNRFOR,USD,cr14
"Mohawk Industries, Inc",20226891,MHK,SNRFOR,USD,XR14
Morgan Stanley,21231692,MWD,SNRFOR,USD,XR14
Morgan Stanley & Co. International plc,21274692,MWD,SNRFOR,USD,XR14
"Morgan Stanley Capital Services, Inc.",21231700,MWD,SNRFOR,USD,XR14
Mylan Inc,10821249,MYL      ,SNRFOR,USD,XR14
National Australia Bank,21274700,NAB,SNRFOR,USD,MR14
"National Retail Properties, Inc",6256146,NRP,SNRFOR,USD,XR14
National Rural Utilities Cooperative Finance Corporation,20435948,NRUC,SNRFOR,USD,XR14
Newedge,21380416,SOCGEN,SNRFOR,EUR,MM14
Noble Corporation,20239472,NE,SNRFOR,USD,MR14
"Nomura Global Financial Products, Inc.",21274791,NOMURA,SNRFOR,JPY,cr14
Nomura International PLC,21274825,NOMURA,SNRFOR,JPY,cr14
"Nomura Securities International, Inc.",21274833,NOMURA,SNRFOR,JPY,cr14
"Omnicare, Inc.",20397379,Ocr,SNRFOR,USD,XR14
"Oneok Partners, L.P.",20241064,ONEOK,SNRFOR,USD,XR14
Plains All American,20419272,PAAP,SNRFOR,USD,XR14
PNC Bank,20261476,PNC-BankNA,SNRFOR,USD,XR14
PNC Mortgage,21274767,PNC,SNRFOR,USD,XR14
Post Apartment Homes,6326964,POSTAP-AptHomes,SNRFOR,USD,XR14
PPL Corporation,21283891,PPL,SNRFOR,USD,XR14
Qwest Corporation,6926870,QUS-Corp,SNRFOR,USD,XR14
Rabobank International,21231759,RABOBK,SNRFOR,EUR,MM14
RBC Capital Markets Corporation,21231767,RY,SNRFOR,USD,XR14
RBS Securities Inc.,21231817,RBOS-RBOSplc ,SNRFOR,EUR,MM14
Regions Financial Corporation ,21254926,RGNF,SNRFOR,USD,XR14
Republic Services Inc,50433562,RSG,SNRFOR,USD,XR14
Rock-Tenn Company,20280070,RKT,SNRFOR,USD,XR14
Rolls-Royce PLC,21208799,ROLLS,SNRFOR,EUR,MM14
ROYAL BANK OF CANADA,21231775,RY,SNRFOR,USD,XR14
"Royal Bank of Scotland, PLC",20283652,RBOS-RBOSplc ,SNRFOR,EUR,MM14
Sanmina,21427381,SANMCOR,SNRFOR,USD,XR14
Sherwin-Williams Company,20298072,SHW,SNRFOR,USD,XR14
Simon Property Group Inc,6424348,SPG,SNRFOR,USD,XR14
Societe Generale,20306420,SOCGEN,SNRFOR,EUR,MM14
SONOCO Products Company,20307154,SON,SNRFOR,USD,XR14
Southern Company,20308566,SO,SNRFOR,USD,XR14
"St. Jude Medical, Inc.",10644443,STJUD,SNRFOR,USD,XR14
STANDARD CHARTERED PLC,21275301,STAN-Bank,SNRFOR,EUR,MM14
State Street Bank & Trust Company,21399010,STT,SNRFOR,USD,XR14
"SUNTRUST BANKS, INC.",1,STI,SNRFOR,USD,XR14
Svenska Handelsbanken,21231825,SVSKHB,SNRFOR,EUR,MM14
Tampa Electric Company,50482072,TE-TampaElec,SNRFOR,USD,XR14
Tanger Properties Limited Partnership,6646023,SKT-PropLP,SNRFOR,USD,XR14
"TD Bank, N.A.",20024528,TD,SNRFOR,USD,XR14
TD Securities (USA) LLC,21275459,TD,SNRFOR,USD,XR14
The Bank of New York Mellon Corporation,20483344,BNYMEL,SNRFOR,USD,XR14
The Timken Company,20383544,MPBCO,SNRFOR,USD,XR14
"TJX Companies Inc, The",20333655,TJX,SNRFOR,USD,XR14
Toronto Dominion Bank,21231833,TD,SNRFOR,USD,XR14
"Tyson Foods, Inc.",20339405,TSN,SNRFOR,USD,XR14
UBS AG,21231858,UBS,SNRFOR,EUR,MM14
UBS Securities LLC,21231874,UBS,SNRFOR,EUR,MM14
"UDR, Inc.",346711,UDRINC,SNRFOR,USD,XR14
Universal Corporation,346554,UVV      ,SNRFOR,USD,XR14
US Bancorp,21231890,USB,SNRFOR,USD,XR14
"Valeant Pharmaceuticals International, Inc.",21344388,VALPIT,SNRFOR,USD,XR14
Valero Energy Corp,20341633,VLOC,SNRFOR,USD,XR14
Virginia Electric & Power Company,6907458,D-VirgEl+Pwr,SNRFOR,USD,XR14
Vulcan Materials Company,20345147,VMCo,SNRFOR,USD,XR14
Walgreens,21372090,wag,SNRFOR,USD,XR14
Walt Disney Company,20957016,DIS,SNRFOR,USD,XR14
Wells Fargo Bank NA,20353257,WFC-BankNA,SNRFOR,USD,XR14
Wells Fargo Sercurities LLC,21304473,WFC-BankNA,SNRFOR,USD,XR14
Westpac Banking Corporation,21275731,WSTP,SNRFOR,USD,MR14
Willis Group Holdings PLC,20420452,WIGHL,SNRFOR,USD,XR14
Wyndham Worldwide Corporation,20985504,WWCORP,SNRFOR,USD,XR14
"Hertz Global Holdings, Inc.",21392403,F-hertz,SNRFOR,USD,XR14
"Hertz Global Holdings, Inc.",21367223,F-hertz,SNRFOR,USD,XR14
Cardinlal Health Inc.,10619239,CAH,SNRFOR,USD,XR14
Iron Mountain Inc,60931257,IRM,SNRFOR,USD,XR14
"CA, Inc.",21425815,CA,SNRFOR,USD,XR14
TESORO CORPORATION,21319174,TSO,SNRFOR,USD,XR14
Avis Budget,21345054,CAR,SNRFOR,USD,XR14
Mississippi Power,21383170,SO,SNRFOR,USD,XR14
Den Danske,21273744,DANSK,SNRFOR,USD,XR14
NextEra,21354932,NEE,SNRFOR,USD,XR14
Cocal Cola Company,20068111,KO,SNRFOR,USD,XR14
Bank of Tokyo Mitsubishi UFJ,21273314,botm,SNRFOR,USD,XR14
